{"R": 128.2493983001709, "G": 134.05068750508627, "B": 109.34200830078125}