{"R": 105.38953952098765, "G": 130.5866304345679, "B": 78.4664698197531}